﻿Age,Sex,Utility
16,Females,0.9103
17,Females,0.9109
18,Females,0.9112
19,Females,0.9114
20,Females,0.9115
21,Females,0.9113
22,Females,0.9111
23,Females,0.9106
24,Females,0.9101
25,Females,0.9094
26,Females,0.9086
27,Females,0.9077
28,Females,0.9066
29,Females,0.9055
30,Females,0.9042
31,Females,0.9028
32,Females,0.9013
33,Females,0.8998
34,Females,0.8981
35,Females,0.8963
36,Females,0.8945
37,Females,0.8925
38,Females,0.8905
39,Females,0.8883
40,Females,0.8861
41,Females,0.8838
42,Females,0.8814
43,Females,0.879
44,Females,0.8764
45,Females,0.8738
46,Females,0.871
47,Females,0.8682
48,Females,0.8654
49,Females,0.8624
50,Females,0.8594
51,Females,0.8562
52,Females,0.853
53,Females,0.8498
54,Females,0.8464
55,Females,0.8429
56,Females,0.8394
57,Females,0.8358
58,Females,0.8321
59,Females,0.8283
60,Females,0.8245
61,Females,0.8206
62,Females,0.8165
63,Females,0.8124
64,Females,0.8082
65,Females,0.8039
66,Females,0.7996
67,Females,0.7951
68,Females,0.7905
69,Females,0.7859
70,Females,0.7812
71,Females,0.7763
72,Females,0.7714
73,Females,0.7664
74,Females,0.7613
75,Females,0.7561
76,Females,0.7507
77,Females,0.7453
78,Females,0.7398
79,Females,0.7342
80,Females,0.7285
81,Females,0.7227
82,Females,0.7167
83,Females,0.7107
84,Females,0.7045
85,Females,0.6983
86,Females,0.692
87,Females,0.6855
88,Females,0.6789
89,Females,0.6723
90,Females,0.6655
91,Females,0.6587
92,Females,0.6517
93,Females,0.6447
94,Females,0.6376
95,Females,0.6304
96,Females,0.6231
97,Females,0.6158
98,Females,0.6084
99,Females,0.6009
100,Females,0.5934
101,Females,0.5859
16,Males,0.9446
17,Males,0.9433
18,Males,0.942
19,Males,0.9406
20,Males,0.9392
21,Males,0.9378
22,Males,0.9363
23,Males,0.9348
24,Males,0.9332
25,Males,0.9317
26,Males,0.93
27,Males,0.9284
28,Males,0.9267
29,Males,0.925
30,Males,0.9232
31,Males,0.9214
32,Males,0.9196
33,Males,0.9177
34,Males,0.9158
35,Males,0.9138
36,Males,0.9118
37,Males,0.9098
38,Males,0.9077
39,Males,0.9056
40,Males,0.9034
41,Males,0.9012
42,Males,0.899
43,Males,0.8967
44,Males,0.8943
45,Males,0.8919
46,Males,0.8895
47,Males,0.887
48,Males,0.8845
49,Males,0.882
50,Males,0.8793
51,Males,0.8767
52,Males,0.874
53,Males,0.8712
54,Males,0.8684
55,Males,0.8656
56,Males,0.8627
57,Males,0.8598
58,Males,0.8568
59,Males,0.8538
60,Males,0.8507
61,Males,0.8476
62,Males,0.8444
63,Males,0.8412
64,Males,0.8379
65,Males,0.8346
66,Males,0.8313
67,Males,0.8278
68,Males,0.8244
69,Males,0.8209
70,Males,0.8174
71,Males,0.8138
72,Males,0.8101
73,Males,0.8065
74,Males,0.8027
75,Males,0.799
76,Males,0.7952
77,Males,0.7913
78,Males,0.7875
79,Males,0.7835
80,Males,0.7796
81,Males,0.7756
82,Males,0.7715
83,Males,0.7675
84,Males,0.7634
85,Males,0.7592
86,Males,0.755
87,Males,0.7508
88,Males,0.7466
89,Males,0.7424
90,Males,0.7381
91,Males,0.7338
92,Males,0.7295
93,Males,0.7252
94,Males,0.7208
95,Males,0.7165
96,Males,0.7121
97,Males,0.7077
98,Males,0.7033
99,Males,0.699
100,Males,0.6946
101,Males,0.6902
