Disease,Sex,Hypertension_Status,Relative_Risk,Age
Colorectal_Cancer,Male,No_Hypertension,1.0,18 - 110 years
Colorectal_Cancer,Female,No_Hypertension,1.0,18 - 110 years
Colorectal_Cancer,Male,Hypertension,1.13,18 - 110 years
Colorectal_Cancer,Female,Hypertension,1.0,18 - 110 years
CHD,Male,per_10mm_Hg,1.0,25 - 34 years
CHD,Female,per_10mm_Hg,1.0,25 - 34 years
CHD,Male,per_10mm_Hg,1.68,35 - 44 years
CHD,Female,per_10mm_Hg,1.68,35 - 44 years
CHD,Male,per_10mm_Hg,1.56,45 - 54 years
CHD,Female,per_10mm_Hg,1.56,45 - 54 years
CHD,Male,per_10mm_Hg,1.45,55 - 64 years
CHD,Female,per_10mm_Hg,1.45,55 - 64 years
CHD,Male,per_10mm_Hg,1.33,65 - 74 years
CHD,Female,per_10mm_Hg,1.33,65 - 74 years
CHD,Male,per_10mm_Hg,1.26,75 - 84 years
CHD,Female,per_10mm_Hg,1.26,75 - 84 years
CHD,Male,per_10mm_Hg,1.14,85+ years
CHD,Female,per_10mm_Hg,1.14,85+ years
Stroke,Male,per_10mm_Hg,1.0,25 - 34 years
Stroke,Female,per_10mm_Hg,1.0,25 - 34 years
Stroke,Male,per_10mm_Hg,2.05,35 - 44 years
Stroke,Female,per_10mm_Hg,2.05,35 - 44 years
Stroke,Male,per_10mm_Hg,1.83,45 - 54 years
Stroke,Female,per_10mm_Hg,1.83,45 - 54 years
Stroke,Male,per_10mm_Hg,1.63,55 - 64 years
Stroke,Female,per_10mm_Hg,1.63,55 - 64 years
Stroke,Male,per_10mm_Hg,1.44,65 - 74 years
Stroke,Female,per_10mm_Hg,1.44,65 - 74 years
Stroke,Male,per_10mm_Hg,1.28,75 - 84 years
Stroke,Female,per_10mm_Hg,1.28,75 - 84 years
Stroke,Male,per_10mm_Hg,1.1,85+ years
Stroke,Female,per_10mm_Hg,1.1,85+ years
