Disease,Sex,BMI_Status,Relative_Risk,Age
Colorectal_Cancer,Male,Normal,1.0,0 - 20 years
Colorectal_Cancer,Female,Normal,1.0,0 - 20 years
Colorectal_Cancer,Male,Normal,1.0,21 - 45 years
Colorectal_Cancer,Female,Normal,1.0,21 - 45 years
Colorectal_Cancer,Male,Normal,1.0,45+ years
Colorectal_Cancer,Female,Normal,1.0,45+ years
Colorectal_Cancer,Male,Overweight,1.0,0 - 20 years
Colorectal_Cancer,Female,Overweight,1.0,0 - 20 years
Colorectal_Cancer,Male,Overweight,1.2,21 - 45 years
Colorectal_Cancer,Female,Overweight,1.08,21 - 45 years
Colorectal_Cancer,Male,Overweight,1.18,45+ years
Colorectal_Cancer,Female,Overweight,1.07,45+ years
Colorectal_Cancer,Male,Obese,1.0,0 - 20 years
Colorectal_Cancer,Female,Obese,1.0,0 - 20 years
Colorectal_Cancer,Male,Obese,1.4,21 - 45 years
Colorectal_Cancer,Female,Obese,1.1,21 - 45 years
Colorectal_Cancer,Male,Obese,1.36,45+ years
Colorectal_Cancer,Female,Obese,1.09,45+ years
CHD,Male,Normal,1.0,0 - 20 years
CHD,Male,Normal,1.0,21 - 25 years
CHD,Male,Normal,1.0,26 - 64 years
CHD,Male,Normal,1.0,65 - 69 years
CHD,Male,Normal,1.0,70 - 79 years
CHD,Male,Normal,1.0,80+ years
CHD,Female,Normal,1.0,0 - 20 years
CHD,Female,Normal,1.0,21 - 25 years
CHD,Female,Normal,1.0,26 - 64 years
CHD,Female,Normal,1.0,65 - 69 years
CHD,Female,Normal,1.0,70 - 79 years
CHD,Female,Normal,1.0,80+ years
CHD,Male,Overweight,1.0,0 - 20 years
CHD,Male,Overweight,1.25,21 - 25 years
CHD,Male,Overweight,1.35,26 - 64 years
CHD,Male,Overweight,1.3,65 - 69 years
CHD,Male,Overweight,1.25,70 - 79 years
CHD,Male,Overweight,1.2,80+ years
CHD,Female,Overweight,1.0,0 - 20 years
CHD,Female,Overweight,1.25,21 - 25 years
CHD,Female,Overweight,1.35,26 - 64 years
CHD,Female,Overweight,1.3,65 - 69 years
CHD,Female,Overweight,1.25,70 - 79 years
CHD,Female,Overweight,1.2,80+ years
CHD,Male,Obese,1.0,0 - 20 years
CHD,Male,Obese,1.7,21 - 25 years
CHD,Male,Obese,2.0,26 - 64 years
CHD,Male,Obese,1.8,65 - 69 years
CHD,Male,Obese,1.6,70 - 79 years
CHD,Male,Obese,1.4,80+ years
CHD,Female,Obese,1.0,0 - 20 years
CHD,Female,Obese,1.7,21 - 25 years
CHD,Female,Obese,2.0,26 - 64 years
CHD,Female,Obese,1.8,65 - 69 years
CHD,Female,Obese,1.6,70 - 79 years
CHD,Female,Obese,1.4,80+ years
Stroke,Male,Normal,1.0,0 - 20 years
Stroke,Male,Normal,1.0,21 - 25 years
Stroke,Male,Normal,1.0,26 - 64 years
Stroke,Male,Normal,1.0,65 - 69 years
Stroke,Male,Normal,1.0,70 - 79 years
Stroke,Male,Normal,1.0,80+ years
Stroke,Female,Normal,1.0,0 - 20 years
Stroke,Female,Normal,1.0,21 - 25 years
Stroke,Female,Normal,1.0,26 - 64 years
Stroke,Female,Normal,1.0,65 - 69 years
Stroke,Female,Normal,1.0,70 - 79 years
Stroke,Female,Normal,1.0,80+ years
Stroke,Male,Overweight,1.0,0 - 20 years
Stroke,Male,Overweight,1.1,21 - 25 years
Stroke,Male,Overweight,1.2,26 - 64 years
Stroke,Male,Overweight,1.18,65 - 69 years
Stroke,Male,Overweight,1.16,70 - 79 years
Stroke,Male,Overweight,1.13,80+ years
Stroke,Female,Overweight,1.0,0 - 20 years
Stroke,Female,Overweight,1.1,21 - 25 years
Stroke,Female,Overweight,1.2,26 - 64 years
Stroke,Female,Overweight,1.18,65 - 69 years
Stroke,Female,Overweight,1.16,70 - 79 years
Stroke,Female,Overweight,1.13,80+ years
Stroke,Male,Obese,1.0,0 - 20 years
Stroke,Male,Obese,1.2,21 - 25 years
Stroke,Male,Obese,1.5,26 - 64 years
Stroke,Male,Obese,1.45,65 - 69 years
Stroke,Male,Obese,1.4,70 - 79 years
Stroke,Male,Obese,1.3,80+ years
Stroke,Female,Obese,1.0,0 - 20 years
Stroke,Female,Obese,1.2,21 - 25 years
Stroke,Female,Obese,1.55,26 - 64 years
Stroke,Female,Obese,1.5,65 - 69 years
Stroke,Female,Obese,1.45,70 - 79 years
Stroke,Female,Obese,1.35,80+ years
