measure,disease,age,sex,rate_per_100k
incidence,CHD,0 years,Male,0.0
incidence,CHD,1 - 4 years,Male,0.0
incidence,CHD,5 - 9 years,Male,0.0
incidence,CHD,10 - 14 years,Male,0.0
incidence,CHD,15 - 19 years,Male,4.90341
incidence,CHD,20 - 24 years,Male,16.2567
incidence,CHD,25 - 29 years,Male,29.1294
incidence,CHD,30 - 34 years,Male,44.4005
incidence,CHD,35 - 39 years,Male,61.9848
incidence,CHD,40 - 44 years,Male,141.439
incidence,CHD,45 - 49 years,Male,283.148
incidence,CHD,50 - 54 years,Male,469.839
incidence,CHD,55 - 59 years,Male,701.304
incidence,CHD,60 - 64 years,Male,890.428
incidence,CHD,65 - 69 years,Male,1036.45
incidence,CHD,70 - 74 years,Male,1279.67
incidence,CHD,75 - 79 years,Male,1624.38
incidence,CHD,80 - 84 years,Male,2053.9
incidence,CHD,85 - 89 years,Male,2557.54
incidence,CHD,90 - 94 years,Male,2680.35
incidence,CHD,95+ years,Male,2421.66
incidence,colorectal_cancer,0 years,Male,0.0
incidence,colorectal_cancer,1 - 4 years,Male,0.0
incidence,colorectal_cancer,5 - 9 years,Male,0.0
incidence,colorectal_cancer,10 - 14 years,Male,0.0
incidence,colorectal_cancer,15 - 19 years,Male,12.05103843
incidence,colorectal_cancer,20 - 24 years,Male,20.78744731
incidence,colorectal_cancer,25 - 29 years,Male,39.6394273
incidence,colorectal_cancer,30 - 34 years,Male,123.89145
incidence,colorectal_cancer,35 - 39 years,Male,280.4691627
incidence,colorectal_cancer,40 - 44 years,Male,443.1079347
incidence,colorectal_cancer,45 - 49 years,Male,655.6144807
incidence,colorectal_cancer,50 - 54 years,Male,1411.220023
incidence,colorectal_cancer,55 - 59 years,Male,2042.707175
incidence,colorectal_cancer,60 - 64 years,Male,2985.370953
incidence,colorectal_cancer,65 - 69 years,Male,3540.935689
incidence,colorectal_cancer,70 - 74 years,Male,4639.405117
incidence,colorectal_cancer,75 - 79 years,Male,4657.720603
incidence,colorectal_cancer,80 - 84 years,Male,3958.998334
incidence,colorectal_cancer,85 - 89 years,Male,3105.422163
incidence,colorectal_cancer,90 - 94 years,Male,1106.500727
incidence,colorectal_cancer,95+ years,Male,224.0082052
incidence,COPD,0 years,Male,14.5074
incidence,COPD,1 - 4 years,Male,16.1541
incidence,COPD,5 - 9 years,Male,16.426
incidence,COPD,10 - 14 years,Male,16.7239
incidence,COPD,15 - 19 years,Male,27.9613
incidence,COPD,20 - 24 years,Male,39.6572
incidence,COPD,25 - 29 years,Male,40.8203
incidence,COPD,30 - 34 years,Male,40.738
incidence,COPD,35 - 39 years,Male,42.6844
incidence,COPD,40 - 44 years,Male,195.657
incidence,COPD,45 - 49 years,Male,377.26948
incidence,COPD,50 - 54 years,Male,406.81937
incidence,COPD,55 - 59 years,Male,409.78941
incidence,COPD,60 - 64 years,Male,856.69366
incidence,COPD,65 - 69 years,Male,1343.5224
incidence,COPD,70 - 74 years,Male,1631.7668
incidence,COPD,75 - 79 years,Male,1772.4441
incidence,COPD,80 - 84 years,Male,2053.7121
incidence,COPD,85 - 89 years,Male,2198.1407
incidence,COPD,90 - 94 years,Male,2244.0036
incidence,COPD,95+ years,Male,2310.2852
incidence,lung_cancer,0 years,Male,0.0
incidence,lung_cancer,1 - 4 years,Male,0.0
incidence,lung_cancer,5 - 9 years,Male,0.0
incidence,lung_cancer,10 - 14 years,Male,0.01556
incidence,lung_cancer,15 - 19 years,Male,0.039707
incidence,lung_cancer,20 - 24 years,Male,0.119549
incidence,lung_cancer,25 - 29 years,Male,0.369877
incidence,lung_cancer,30 - 34 years,Male,1.131789
incidence,lung_cancer,35 - 39 years,Male,2.707386
incidence,lung_cancer,40 - 44 years,Male,5.813075
incidence,lung_cancer,45 - 49 years,Male,13.47271
incidence,lung_cancer,50 - 54 years,Male,35.85814
incidence,lung_cancer,55 - 59 years,Male,69.63827
incidence,lung_cancer,60 - 64 years,Male,140.5326
incidence,lung_cancer,65 - 69 years,Male,226.4814
incidence,lung_cancer,70 - 74 years,Male,337.4479
incidence,lung_cancer,75 - 79 years,Male,436.2454
incidence,lung_cancer,80 - 84 years,Male,529.8192
incidence,lung_cancer,85 - 89 years,Male,629.3755
incidence,lung_cancer,90 - 94 years,Male,616.9388
incidence,lung_cancer,95+ years,Male,561.5549
incidence,stroke,0 years,Male,8.149421
incidence,stroke,1 - 4 years,Male,8.374972
incidence,stroke,5 - 9 years,Male,8.179941
incidence,stroke,10 - 14 years,Male,7.422348
incidence,stroke,15 - 19 years,Male,6.65941
incidence,stroke,20 - 24 years,Male,7.437842
incidence,stroke,25 - 29 years,Male,9.732369
incidence,stroke,30 - 34 years,Male,14.28692
incidence,stroke,35 - 39 years,Male,21.12258
incidence,stroke,40 - 44 years,Male,33.59518
incidence,stroke,45 - 49 years,Male,51.74023
incidence,stroke,50 - 54 years,Male,76.18944
incidence,stroke,55 - 59 years,Male,106.9025
incidence,stroke,60 - 64 years,Male,144.1631
incidence,stroke,65 - 69 years,Male,187.8009
incidence,stroke,70 - 74 years,Male,260.1358
incidence,stroke,75 - 79 years,Male,362.0434
incidence,stroke,80 - 84 years,Male,552.6776
incidence,stroke,85 - 89 years,Male,830.2613
incidence,stroke,90 - 94 years,Male,1106.404
incidence,stroke,95+ years,Male,1372.726
incidence,CHD,0 years,Female,0.0
incidence,CHD,1 - 4 years,Female,0.0
incidence,CHD,5 - 9 years,Female,0.0
incidence,CHD,10 - 14 years,Female,0.0
incidence,CHD,15 - 19 years,Female,6.583214
incidence,CHD,20 - 24 years,Female,20.743302
incidence,CHD,25 - 29 years,Female,35.81024
incidence,CHD,30 - 34 years,Female,37.903019
incidence,CHD,35 - 39 years,Female,27.01552
incidence,CHD,40 - 44 years,Female,36.855302
incidence,CHD,45 - 49 years,Female,67.674606
incidence,CHD,50 - 54 years,Female,121.19865
incidence,CHD,55 - 59 years,Female,197.36257
incidence,CHD,60 - 64 years,Female,295.248
incidence,CHD,65 - 69 years,Female,414.32927
incidence,CHD,70 - 74 years,Female,618.87552
incidence,CHD,75 - 79 years,Female,911.44475
incidence,CHD,80 - 84 years,Female,1286.0722
incidence,CHD,85 - 89 years,Female,1734.5255
incidence,CHD,90 - 94 years,Female,1933.1396
incidence,CHD,95+ years,Female,1877.6707
incidence,colorectal_cancer,0 years,Female,0.0
incidence,colorectal_cancer,1 - 4 years,Female,0.0
incidence,colorectal_cancer,5 - 9 years,Female,0.0
incidence,colorectal_cancer,10 - 14 years,Female,0.0
incidence,colorectal_cancer,15 - 19 years,Female,16.00359737
incidence,colorectal_cancer,20 - 24 years,Female,19.16363037
incidence,colorectal_cancer,25 - 29 years,Female,37.69295797
incidence,colorectal_cancer,30 - 34 years,Female,118.1549617
incidence,colorectal_cancer,35 - 39 years,Female,285.6980542
incidence,colorectal_cancer,40 - 44 years,Female,425.2320444
incidence,colorectal_cancer,45 - 49 years,Female,600.0375116
incidence,colorectal_cancer,50 - 54 years,Female,1123.394461
incidence,colorectal_cancer,55 - 59 years,Female,1600.561332
incidence,colorectal_cancer,60 - 64 years,Female,2021.933025
incidence,colorectal_cancer,65 - 69 years,Female,2401.499988
incidence,colorectal_cancer,70 - 74 years,Female,3348.309726
incidence,colorectal_cancer,75 - 79 years,Female,3817.179736
incidence,colorectal_cancer,80 - 84 years,Female,3740.116916
incidence,colorectal_cancer,85 - 89 years,Female,3598.587055
incidence,colorectal_cancer,90 - 94 years,Female,1760.473944
incidence,colorectal_cancer,95+ years,Female,603.348656
incidence,COPD,0 years,Female,14.870329
incidence,COPD,1 - 4 years,Female,16.660958
incidence,COPD,5 - 9 years,Female,16.851236
incidence,COPD,10 - 14 years,Female,17.059023
incidence,COPD,15 - 19 years,Female,28.417833
incidence,COPD,20 - 24 years,Female,40.101844
incidence,COPD,25 - 29 years,Female,40.90976
incidence,COPD,30 - 34 years,Female,40.528085
incidence,COPD,35 - 39 years,Female,42.461823
incidence,COPD,40 - 44 years,Female,188.76732
incidence,COPD,45 - 49 years,Female,370.77647
incidence,COPD,50 - 54 years,Female,406.71595
incidence,COPD,55 - 59 years,Female,408.98456
incidence,COPD,60 - 64 years,Female,822.35419
incidence,COPD,65 - 69 years,Female,1301.8056
incidence,COPD,70 - 74 years,Female,1603.5013
incidence,COPD,75 - 79 years,Female,1749.3723
incidence,COPD,80 - 84 years,Female,2013.8741
incidence,COPD,85 - 89 years,Female,2147.7167
incidence,COPD,90 - 94 years,Female,2191.2894
incidence,COPD,95+ years,Female,2234.2852
incidence,lung_cancer,0 years,Female,0.0
incidence,lung_cancer,1 - 4 years,Female,0.0
incidence,lung_cancer,5 - 9 years,Female,0.0
incidence,lung_cancer,10 - 14 years,Female,0.025044
incidence,lung_cancer,15 - 19 years,Female,0.084121
incidence,lung_cancer,20 - 24 years,Female,0.147924
incidence,lung_cancer,25 - 29 years,Female,0.419501
incidence,lung_cancer,30 - 34 years,Female,1.1875
incidence,lung_cancer,35 - 39 years,Female,2.491906
incidence,lung_cancer,40 - 44 years,Female,5.421714
incidence,lung_cancer,45 - 49 years,Female,12.87269
incidence,lung_cancer,50 - 54 years,Female,32.15957
incidence,lung_cancer,55 - 59 years,Female,59.74928
incidence,lung_cancer,60 - 64 years,Female,110.3967
incidence,lung_cancer,65 - 69 years,Female,173.2422
incidence,lung_cancer,70 - 74 years,Female,249.6095
incidence,lung_cancer,75 - 79 years,Female,296.5108
incidence,lung_cancer,80 - 84 years,Female,343.592
incidence,lung_cancer,85 - 89 years,Female,379.3297
incidence,lung_cancer,90 - 94 years,Female,329.8627
incidence,lung_cancer,95+ years,Female,348.5323
incidence,stroke,0 years,Female,12.853095
incidence,stroke,1 - 4 years,Female,13.130977
incidence,stroke,5 - 9 years,Female,12.535308
incidence,stroke,10 - 14 years,Female,10.936313
incidence,stroke,15 - 19 years,Female,9.3752098
incidence,stroke,20 - 24 years,Female,9.9973558
incidence,stroke,25 - 29 years,Female,12.785404
incidence,stroke,30 - 34 years,Female,18.258084
incidence,stroke,35 - 39 years,Female,26.407817
incidence,stroke,40 - 44 years,Female,37.574415
incidence,stroke,45 - 49 years,Female,51.795938
incidence,stroke,50 - 54 years,Female,68.86406
incidence,stroke,55 - 59 years,Female,88.800894
incidence,stroke,60 - 64 years,Female,118.49675
incidence,stroke,65 - 69 years,Female,157.94112
incidence,stroke,70 - 74 years,Female,245.06087
incidence,stroke,75 - 79 years,Female,380.36591
incidence,stroke,80 - 84 years,Female,640.66358
incidence,stroke,85 - 89 years,Female,1024.8823
incidence,stroke,90 - 94 years,Female,1406.9076
incidence,stroke,95+ years,Female,1777.8574
