measure,disease,age,sex,rate_per_100k
mortality,CHD,0 years,Male,0.0
mortality,CHD,1 - 4 years,Male,0.0
mortality,CHD,5 - 9 years,Male,0.0
mortality,CHD,10 - 14 years,Male,0.0
mortality,CHD,15 - 19 years,Male,0.112968
mortality,CHD,20 - 24 years,Male,0.471405
mortality,CHD,25 - 29 years,Male,2.083316
mortality,CHD,30 - 34 years,Male,5.063482
mortality,CHD,35 - 39 years,Male,9.98235
mortality,CHD,40 - 44 years,Male,19.3513
mortality,CHD,45 - 49 years,Male,34.2002
mortality,CHD,50 - 54 years,Male,66.4955
mortality,CHD,55 - 59 years,Male,108.861
mortality,CHD,60 - 64 years,Male,174.422
mortality,CHD,65 - 69 years,Male,260.595
mortality,CHD,70 - 74 years,Male,418.983
mortality,CHD,75 - 79 years,Male,691.844
mortality,CHD,80 - 84 years,Male,1226.31
mortality,CHD,85 - 89 years,Male,2146.48
mortality,CHD,90 - 94 years,Male,3729.21
mortality,CHD,95+ years,Male,6001.13
mortality,colorectal_cancer,0 years,Male,0.0
mortality,colorectal_cancer,1 - 4 years,Male,0.0
mortality,colorectal_cancer,5 - 9 years,Male,0.024945
mortality,colorectal_cancer,10 - 14 years,Male,0.02764
mortality,colorectal_cancer,15 - 19 years,Male,0.059458
mortality,colorectal_cancer,20 - 24 years,Male,0.196029
mortality,colorectal_cancer,25 - 29 years,Male,0.597168
mortality,colorectal_cancer,30 - 34 years,Male,1.382987
mortality,colorectal_cancer,35 - 39 years,Male,2.305152
mortality,colorectal_cancer,40 - 44 years,Male,4.121457
mortality,colorectal_cancer,45 - 49 years,Male,7.836501
mortality,colorectal_cancer,50 - 54 years,Male,15.47521
mortality,colorectal_cancer,55 - 59 years,Male,27.88621
mortality,colorectal_cancer,60 - 64 years,Male,49.95647
mortality,colorectal_cancer,65 - 69 years,Male,76.15488
mortality,colorectal_cancer,70 - 74 years,Male,119.6394
mortality,colorectal_cancer,75 - 79 years,Male,182.2311
mortality,colorectal_cancer,80 - 84 years,Male,286.1074
mortality,colorectal_cancer,85 - 89 years,Male,429.7781
mortality,colorectal_cancer,90 - 94 years,Male,605.356
mortality,colorectal_cancer,95+ years,Male,808.6245
mortality,COPD,0 years,Male,0.0
mortality,COPD,1 - 4 years,Male,0.02695
mortality,COPD,5 - 9 years,Male,0.01453
mortality,COPD,10 - 14 years,Male,0.01657
mortality,COPD,15 - 19 years,Male,0.05443
mortality,COPD,20 - 24 years,Male,0.08747
mortality,COPD,25 - 29 years,Male,0.16233
mortality,COPD,30 - 34 years,Male,0.30324
mortality,COPD,35 - 39 years,Male,0.6206
mortality,COPD,40 - 44 years,Male,1.44311
mortality,COPD,45 - 49 years,Male,3.12145
mortality,COPD,50 - 54 years,Male,9.13447
mortality,COPD,55 - 59 years,Male,19.4542
mortality,COPD,60 - 64 years,Male,50.8031
mortality,COPD,65 - 69 years,Male,99.3184
mortality,COPD,70 - 74 years,Male,196.769
mortality,COPD,75 - 79 years,Male,349.567
mortality,COPD,80 - 84 years,Male,607.665
mortality,COPD,85 - 89 years,Male,1038.011
mortality,COPD,90 - 94 years,Male,1653.891
mortality,COPD,95+ years,Male,2572.745
mortality,lung_cancer,0 years,Male,0.0
mortality,lung_cancer,1 - 4 years,Male,0.0
mortality,lung_cancer,5 - 9 years,Male,0.0
mortality,lung_cancer,10 - 14 years,Male,0.01022
mortality,lung_cancer,15 - 19 years,Male,0.020977
mortality,lung_cancer,20 - 24 years,Male,0.070804
mortality,lung_cancer,25 - 29 years,Male,0.238934
mortality,lung_cancer,30 - 34 years,Male,0.812524
mortality,lung_cancer,35 - 39 years,Male,2.020083
mortality,lung_cancer,40 - 44 years,Male,4.570136
mortality,lung_cancer,45 - 49 years,Male,10.34566
mortality,lung_cancer,50 - 54 years,Male,27.45203
mortality,lung_cancer,55 - 59 years,Male,53.36877
mortality,lung_cancer,60 - 64 years,Male,109.7669
mortality,lung_cancer,65 - 69 years,Male,180.4616
mortality,lung_cancer,70 - 74 years,Male,275.8208
mortality,lung_cancer,75 - 79 years,Male,376.0732
mortality,lung_cancer,80 - 84 years,Male,481.5908
mortality,lung_cancer,85 - 89 years,Male,597.6828
mortality,lung_cancer,90 - 94 years,Male,656.3457
mortality,lung_cancer,95+ years,Male,770.3301
mortality,stroke,0 years,Male,0.349942
mortality,stroke,1 - 4 years,Male,0.058227
mortality,stroke,5 - 9 years,Male,0.049325
mortality,stroke,10 - 14 years,Male,0.092166
mortality,stroke,15 - 19 years,Male,0.287963
mortality,stroke,20 - 24 years,Male,0.659267
mortality,stroke,25 - 29 years,Male,1.295202
mortality,stroke,30 - 34 years,Male,2.038013
mortality,stroke,35 - 39 years,Male,3.142514
mortality,stroke,40 - 44 years,Male,5.318416
mortality,stroke,45 - 49 years,Male,8.216299
mortality,stroke,50 - 54 years,Male,13.103
mortality,stroke,55 - 59 years,Male,21.02781
mortality,stroke,60 - 64 years,Male,34.27086
mortality,stroke,65 - 69 years,Male,58.70813
mortality,stroke,70 - 74 years,Male,121.0111
mortality,stroke,75 - 79 years,Male,254.9341
mortality,stroke,80 - 84 years,Male,543.8818
mortality,stroke,85 - 89 years,Male,1079.343
mortality,stroke,90 - 94 years,Male,2045.406
mortality,stroke,95+ years,Male,3357.581
mortality,CHD,0 years,Female,0.0
mortality,CHD,1 - 4 years,Female,0.0
mortality,CHD,5 - 9 years,Female,0.0
mortality,CHD,10 - 14 years,Female,0.0
mortality,CHD,15 - 19 years,Female,0.05239605
mortality,CHD,20 - 24 years,Female,0.12896956
mortality,CHD,25 - 29 years,Female,0.33799042
mortality,CHD,30 - 34 years,Female,0.9551216
mortality,CHD,35 - 39 years,Female,2.14277976
mortality,CHD,40 - 44 years,Female,4.14215315
mortality,CHD,45 - 49 years,Female,7.92057376
mortality,CHD,50 - 54 years,Female,15.3334432
mortality,CHD,55 - 59 years,Female,26.17279
mortality,CHD,60 - 64 years,Female,50.3933095
mortality,CHD,65 - 69 years,Female,86.7308856
mortality,CHD,70 - 74 years,Female,166.129429
mortality,CHD,75 - 79 years,Female,328.936994
mortality,CHD,80 - 84 years,Female,692.729817
mortality,CHD,85 - 89 years,Female,1405.68186
mortality,CHD,90 - 94 years,Female,2799.90864
mortality,CHD,95+ years,Female,5093.18625
mortality,colorectal_cancer,0 years,Female,0.0
mortality,colorectal_cancer,1 - 4 years,Female,0.0
mortality,colorectal_cancer,5 - 9 years,Female,0.016559
mortality,colorectal_cancer,10 - 14 years,Female,0.022745
mortality,colorectal_cancer,15 - 19 years,Female,0.047018
mortality,colorectal_cancer,20 - 24 years,Female,0.15107
mortality,colorectal_cancer,25 - 29 years,Female,0.481754
mortality,colorectal_cancer,30 - 34 years,Female,1.081924
mortality,colorectal_cancer,35 - 39 years,Female,1.878384
mortality,colorectal_cancer,40 - 44 years,Female,3.50145
mortality,colorectal_cancer,45 - 49 years,Female,6.498347
mortality,colorectal_cancer,50 - 54 years,Female,11.59841
mortality,colorectal_cancer,55 - 59 years,Female,19.20071
mortality,colorectal_cancer,60 - 64 years,Female,30.14295
mortality,colorectal_cancer,65 - 69 years,Female,46.1222
mortality,colorectal_cancer,70 - 74 years,Female,73.385
mortality,colorectal_cancer,75 - 79 years,Female,122.8038
mortality,colorectal_cancer,80 - 84 years,Female,203.8912
mortality,colorectal_cancer,85 - 89 years,Female,319.0801
mortality,colorectal_cancer,90 - 94 years,Female,476.0461
mortality,colorectal_cancer,95+ years,Female,705.7688
mortality,COPD,0 years,Female,0.0
mortality,COPD,1 - 4 years,Female,0.0395601
mortality,COPD,5 - 9 years,Female,0.0203238
mortality,COPD,10 - 14 years,Female,0.0236633
mortality,COPD,15 - 19 years,Female,0.0620228
mortality,COPD,20 - 24 years,Female,0.0860066
mortality,COPD,25 - 29 years,Female,0.1287645
mortality,COPD,30 - 34 years,Female,0.2276371
mortality,COPD,35 - 39 years,Female,0.4389814
mortality,COPD,40 - 44 years,Female,1.0000465
mortality,COPD,45 - 49 years,Female,2.3943282
mortality,COPD,50 - 54 years,Female,7.4732382
mortality,COPD,55 - 59 years,Female,16.073473
mortality,COPD,60 - 64 years,Female,39.827506
mortality,COPD,65 - 69 years,Female,76.081003
mortality,COPD,70 - 74 years,Female,145.15548
mortality,COPD,75 - 79 years,Female,252.79126
mortality,COPD,80 - 84 years,Female,422.7205
mortality,COPD,85 - 89 years,Female,658.70122
mortality,COPD,90 - 94 years,Female,1031.7257
mortality,COPD,95+ years,Female,1750.1964
mortality,lung_cancer,0 years,Female,0.0
mortality,lung_cancer,1 - 4 years,Female,0.0
mortality,lung_cancer,5 - 9 years,Female,0.0
mortality,lung_cancer,10 - 14 years,Female,0.015331
mortality,lung_cancer,15 - 19 years,Female,0.041694
mortality,lung_cancer,20 - 24 years,Female,0.081686
mortality,lung_cancer,25 - 29 years,Female,0.252453
mortality,lung_cancer,30 - 34 years,Female,0.790819
mortality,lung_cancer,35 - 39 years,Female,1.735251
mortality,lung_cancer,40 - 44 years,Female,3.958424
mortality,lung_cancer,45 - 49 years,Female,9.133617
mortality,lung_cancer,50 - 54 years,Female,23.00623
mortality,lung_cancer,55 - 59 years,Female,43.11395
mortality,lung_cancer,60 - 64 years,Female,82.19024
mortality,lung_cancer,65 - 69 years,Female,133.2038
mortality,lung_cancer,70 - 74 years,Female,199.6897
mortality,lung_cancer,75 - 79 years,Female,251.8704
mortality,lung_cancer,80 - 84 years,Female,311.1359
mortality,lung_cancer,85 - 89 years,Female,359.9153
mortality,lung_cancer,90 - 94 years,Female,381.041
mortality,lung_cancer,95+ years,Female,514.8798
mortality,stroke,0 years,Female,0.2918577
mortality,stroke,1 - 4 years,Female,0.0563248
mortality,stroke,5 - 9 years,Female,0.046741
mortality,stroke,10 - 14 years,Female,0.0794649
mortality,stroke,15 - 19 years,Female,0.2366221
mortality,stroke,20 - 24 years,Female,0.4355129
mortality,stroke,25 - 29 years,Female,0.8898523
mortality,stroke,30 - 34 years,Female,1.4875183
mortality,stroke,35 - 39 years,Female,2.5682732
mortality,stroke,40 - 44 years,Female,4.1985198
mortality,stroke,45 - 49 years,Female,6.5847183
mortality,stroke,50 - 54 years,Female,10.557053
mortality,stroke,55 - 59 years,Female,15.541977
mortality,stroke,60 - 64 years,Female,25.08216
mortality,stroke,65 - 69 years,Female,43.297961
mortality,stroke,70 - 74 years,Female,95.2449
mortality,stroke,75 - 79 years,Female,221.20666
mortality,stroke,80 - 84 years,Female,518.93832
mortality,stroke,85 - 89 years,Female,1118.4958
mortality,stroke,90 - 94 years,Female,2241.0513
mortality,stroke,95+ years,Female,4081.3718
