﻿measure,disease,age,sex,rate_per_100k
prevalence,CHD,0 years,Male,0
prevalence,CHD,1 - 4 years,Male,0
prevalence,CHD,5 - 9 years,Male,0
prevalence,CHD,10 - 14 years,Male,0
prevalence,CHD,15 - 19 years,Male,15.21425413
prevalence,CHD,20 - 24 years,Male,36.20193932
prevalence,CHD,25 - 29 years,Male,105.4042035
prevalence,CHD,30 - 34 years,Male,234.1900553
prevalence,CHD,35 - 39 years,Male,445.2542413
prevalence,CHD,40 - 44 years,Male,825.8285234
prevalence,CHD,45 - 49 years,Male,1618.146561
prevalence,CHD,50 - 54 years,Male,2994.657909
prevalence,CHD,55 - 59 years,Male,5049.680945
prevalence,CHD,60 - 64 years,Male,7723.398766
prevalence,CHD,65 - 69 years,Male,11472.99607
prevalence,CHD,70 - 74 years,Male,14572.06553
prevalence,CHD,75 - 79 years,Male,17583.55106
prevalence,CHD,80 - 84 years,Male,19305.85163
prevalence,CHD,85 - 89 years,Male,18515.09533
prevalence,CHD,90 - 94 years,Male,15813.99262
prevalence,CHD,95+ years,Male,12289.49971
prevalence,colorectal_cancer,0 years,Male,0
prevalence,colorectal_cancer,1 - 4 years,Male,0
prevalence,colorectal_cancer,5 - 9 years,Male,0.8353733
prevalence,colorectal_cancer,10 - 14 years,Male,0.8199896
prevalence,colorectal_cancer,15 - 19 years,Male,2.3122845
prevalence,colorectal_cancer,20 - 24 years,Male,6.888587
prevalence,colorectal_cancer,25 - 29 years,Male,18.670018
prevalence,colorectal_cancer,30 - 34 years,Male,37.716769
prevalence,colorectal_cancer,35 - 39 years,Male,64.303405
prevalence,colorectal_cancer,40 - 44 years,Male,106.06368
prevalence,colorectal_cancer,45 - 49 years,Male,180.14265
prevalence,colorectal_cancer,50 - 54 years,Male,348.73589
prevalence,colorectal_cancer,55 - 59 years,Male,588.38252
prevalence,colorectal_cancer,60 - 64 years,Male,1001.0497
prevalence,colorectal_cancer,65 - 69 years,Male,1415.9231
prevalence,colorectal_cancer,70 - 74 years,Male,1906.9159
prevalence,colorectal_cancer,75 - 79 years,Male,2299.6529
prevalence,colorectal_cancer,80 - 84 years,Male,2495.3125
prevalence,colorectal_cancer,85 - 89 years,Male,2291.0915
prevalence,colorectal_cancer,90 - 94 years,Male,1592.5981
prevalence,colorectal_cancer,95+ years,Male,1398.8195
prevalence,COPD,0 years,Male,7.75260527
prevalence,COPD,1 - 4 years,Male,47.9180515
prevalence,COPD,5 - 9 years,Male,121.235473
prevalence,COPD,10 - 14 years,Male,204.047952
prevalence,COPD,15 - 19 years,Male,307.008749
prevalence,COPD,20 - 24 years,Male,484.737999
prevalence,COPD,25 - 29 years,Male,686.093205
prevalence,COPD,30 - 34 years,Male,890.653675
prevalence,COPD,35 - 39 years,Male,1094.80441
prevalence,COPD,40 - 44 years,Male,1569.70987
prevalence,COPD,45 - 49 years,Male,3083.02012
prevalence,COPD,50 - 54 years,Male,5052.55996
prevalence,COPD,55 - 59 years,Male,7033.22516
prevalence,COPD,60 - 64 years,Male,9751.26451
prevalence,COPD,65 - 69 years,Male,15275.3834
prevalence,COPD,70 - 74 years,Male,22124.555
prevalence,COPD,75 - 79 years,Male,30103.511
prevalence,COPD,80 - 84 years,Male,38219.5816
prevalence,COPD,85 - 89 years,Male,47325.097
prevalence,COPD,90 - 94 years,Male,56181.2458
prevalence,COPD,95+ years,Male,65382.174
prevalence,lung_cancer,0 years,Male,0
prevalence,lung_cancer,1 - 4 years,Male,0
prevalence,lung_cancer,5 - 9 years,Male,0
prevalence,lung_cancer,10 - 14 years,Male,0.035406
prevalence,lung_cancer,15 - 19 years,Male,0.125807
prevalence,lung_cancer,20 - 24 years,Male,0.334628
prevalence,lung_cancer,25 - 29 years,Male,0.895985
prevalence,lung_cancer,30 - 34 years,Male,2.334034
prevalence,lung_cancer,35 - 39 years,Male,5.366874
prevalence,lung_cancer,40 - 44 years,Male,10.63142
prevalence,lung_cancer,45 - 49 years,Male,26.65452
prevalence,lung_cancer,50 - 54 years,Male,70.62117
prevalence,lung_cancer,55 - 59 years,Male,134.9817
prevalence,lung_cancer,60 - 64 years,Male,259.1345
prevalence,lung_cancer,65 - 69 years,Male,400.7829
prevalence,lung_cancer,70 - 74 years,Male,550.3733
prevalence,lung_cancer,75 - 79 years,Male,626.0261
prevalence,lung_cancer,80 - 84 years,Male,669.9577
prevalence,lung_cancer,85 - 89 years,Male,695.4966
prevalence,lung_cancer,90 - 94 years,Male,506.6388
prevalence,lung_cancer,95+ years,Male,287.6161
prevalence,stroke,0 years,Male,0
prevalence,stroke,1 - 4 years,Male,0
prevalence,stroke,5 - 9 years,Male,28.6265
prevalence,stroke,10 - 14 years,Male,45.22969
prevalence,stroke,15 - 19 years,Male,79.16189
prevalence,stroke,20 - 24 years,Male,107.8666
prevalence,stroke,25 - 29 years,Male,147.5771
prevalence,stroke,30 - 34 years,Male,203.2607
prevalence,stroke,35 - 39 years,Male,291.7563
prevalence,stroke,40 - 44 years,Male,430.0453
prevalence,stroke,45 - 49 years,Male,596.9642
prevalence,stroke,50 - 54 years,Male,832.2759
prevalence,stroke,55 - 59 years,Male,1136.675
prevalence,stroke,60 - 64 years,Male,1516.677
prevalence,stroke,65 - 69 years,Male,2014.903
prevalence,stroke,70 - 74 years,Male,2586.58
prevalence,stroke,75 - 79 years,Male,3165.65
prevalence,stroke,80 - 84 years,Male,3653.839
prevalence,stroke,85 - 89 years,Male,3824.605
prevalence,stroke,90 - 94 years,Male,3756.122
prevalence,stroke,95+ years,Male,3677.81
prevalence,CHD,0 years,Female,0
prevalence,CHD,1 - 4 years,Female,0
prevalence,CHD,5 - 9 years,Female,0
prevalence,CHD,10 - 14 years,Female,0
prevalence,CHD,15 - 19 years,Female,23.0083114
prevalence,CHD,20 - 24 years,Female,51.401068
prevalence,CHD,25 - 29 years,Female,140.536318
prevalence,CHD,30 - 34 years,Female,280.699111
prevalence,CHD,35 - 39 years,Female,414.894482
prevalence,CHD,40 - 44 years,Female,565.418494
prevalence,CHD,45 - 49 years,Female,818.38682
prevalence,CHD,50 - 54 years,Female,1260.21435
prevalence,CHD,55 - 59 years,Female,2005.09736
prevalence,CHD,60 - 64 years,Female,3108.89728
prevalence,CHD,65 - 69 years,Female,4891.05614
prevalence,CHD,70 - 74 years,Female,6817.80353
prevalence,CHD,75 - 79 years,Female,9144.90652
prevalence,CHD,80 - 84 years,Female,11024.9011
prevalence,CHD,85 - 89 years,Female,11294.7586
prevalence,CHD,90 - 94 years,Female,10194.739
prevalence,CHD,95+ years,Female,8106.52318
prevalence,colorectal_cancer,0 years,Female,0
prevalence,colorectal_cancer,1 - 4 years,Female,0
prevalence,colorectal_cancer,5 - 9 years,Female,0.5805964
prevalence,colorectal_cancer,10 - 14 years,Female,0.7138953
prevalence,colorectal_cancer,15 - 19 years,Female,1.9284606
prevalence,colorectal_cancer,20 - 24 years,Female,5.7162449
prevalence,colorectal_cancer,25 - 29 years,Female,16.834217
prevalence,colorectal_cancer,30 - 34 years,Female,33.304685
prevalence,colorectal_cancer,35 - 39 years,Female,60.61417
prevalence,colorectal_cancer,40 - 44 years,Female,103.74901
prevalence,colorectal_cancer,45 - 49 years,Female,167.57138
prevalence,colorectal_cancer,50 - 54 years,Female,286.64554
prevalence,colorectal_cancer,55 - 59 years,Female,442.08082
prevalence,colorectal_cancer,60 - 64 years,Female,644.79297
prevalence,colorectal_cancer,65 - 69 years,Female,908.4022
prevalence,colorectal_cancer,70 - 74 years,Female,1238.307
prevalence,colorectal_cancer,75 - 79 years,Female,1617.0689
prevalence,colorectal_cancer,80 - 84 years,Female,1807.1373
prevalence,colorectal_cancer,85 - 89 years,Female,1636.5363
prevalence,colorectal_cancer,90 - 94 years,Female,1098.0252
prevalence,colorectal_cancer,95+ years,Female,926.26937
prevalence,COPD,0 years,Female,7.9210702
prevalence,COPD,1 - 4 years,Female,49.336017
prevalence,COPD,5 - 9 years,Female,124.74797
prevalence,COPD,10 - 14 years,Female,209.47774
prevalence,COPD,15 - 19 years,Female,314.27123
prevalence,COPD,20 - 24 years,Female,494.47608
prevalence,COPD,25 - 29 years,Female,696.9646
prevalence,COPD,30 - 34 years,Female,901.07246
prevalence,COPD,35 - 39 years,Female,1103.9305
prevalence,COPD,40 - 44 years,Female,1567.2169
prevalence,COPD,45 - 49 years,Female,3041.6257
prevalence,COPD,50 - 54 years,Female,5006.6853
prevalence,COPD,55 - 59 years,Female,6999.258
prevalence,COPD,60 - 64 years,Female,9671.2373
prevalence,COPD,65 - 69 years,Female,15001.603
prevalence,COPD,70 - 74 years,Female,21786.87
prevalence,COPD,75 - 79 years,Female,29774.35
prevalence,COPD,80 - 84 years,Female,38045.65
prevalence,COPD,85 - 89 years,Female,47459.386
prevalence,COPD,90 - 94 years,Female,56606.84
prevalence,COPD,95+ years,Female,65993.595
prevalence,lung_cancer,0 years,Female,0
prevalence,lung_cancer,1 - 4 years,Female,0
prevalence,lung_cancer,5 - 9 years,Female,0
prevalence,lung_cancer,10 - 14 years,Female,0.065287
prevalence,lung_cancer,15 - 19 years,Female,0.293968
prevalence,lung_cancer,20 - 24 years,Female,0.450242
prevalence,lung_cancer,25 - 29 years,Female,1.152408
prevalence,lung_cancer,30 - 34 years,Female,2.749445
prevalence,lung_cancer,35 - 39 years,Female,5.639424
prevalence,lung_cancer,40 - 44 years,Female,11.66698
prevalence,lung_cancer,45 - 49 years,Female,28.63729
prevalence,lung_cancer,50 - 54 years,Female,70.8838
prevalence,lung_cancer,55 - 59 years,Female,127.5609
prevalence,lung_cancer,60 - 64 years,Female,221.0761
prevalence,lung_cancer,65 - 69 years,Female,320.7341
prevalence,lung_cancer,70 - 74 years,Female,425.9358
prevalence,lung_cancer,75 - 79 years,Female,439.6611
prevalence,lung_cancer,80 - 84 years,Female,438.7096
prevalence,lung_cancer,85 - 89 years,Female,434.1304
prevalence,lung_cancer,90 - 94 years,Female,243.6407
prevalence,lung_cancer,95+ years,Female,177.1179
prevalence,stroke,0 years,Female,0
prevalence,stroke,1 - 4 years,Female,8.6653838
prevalence,stroke,5 - 9 years,Female,52.444929
prevalence,stroke,10 - 14 years,Female,101.18557
prevalence,stroke,15 - 19 years,Female,169.02917
prevalence,stroke,20 - 24 years,Female,217.28502
prevalence,stroke,25 - 29 years,Female,276.3286
prevalence,stroke,30 - 34 years,Female,364.5259
prevalence,stroke,35 - 39 years,Female,481.67479
prevalence,stroke,40 - 44 years,Female,617.38469
prevalence,stroke,45 - 49 years,Female,824.78991
prevalence,stroke,50 - 54 years,Female,1061.0608
prevalence,stroke,55 - 59 years,Female,1335.7858
prevalence,stroke,60 - 64 years,Female,1663.1731
prevalence,stroke,65 - 69 years,Female,2114.9579
prevalence,stroke,70 - 74 years,Female,2697.2001
prevalence,stroke,75 - 79 years,Female,3397.4634
prevalence,stroke,80 - 84 years,Female,4174.7653
prevalence,stroke,85 - 89 years,Female,4914.8792
prevalence,stroke,90 - 94 years,Female,5327.3779
prevalence,stroke,95+ years,Female,5442.5751
