Disease,Sex,Smoking_Status,Relative_Risk,Age
Colorectal_Cancer,Male,Never_Smoked,1.0,18 - 110 years
Colorectal_Cancer,Female,Never_Smoked,1.0,18 - 110 years
Colorectal_Cancer,Male,Former_Smoker,1.2,18 - 110 years
Colorectal_Cancer,Female,Former_Smoker,1.2,18 - 110 years
Colorectal_Cancer,Male,Current_Smoker,1.2,18 - 110 years
Colorectal_Cancer,Female,Current_Smoker,1.2,18 - 110 years
COPD,Male,Never_Smoked,1.0,<35 years
COPD,Female,Never_Smoked,1.0,<35 years
COPD,Male,Former_Smoker,1.0,<35 years
COPD,Female,Former_Smoker,1.0,<35 years
COPD,Male,Current_Smoker,1.0,<35 years
COPD,Female,Current_Smoker,1.0,<35 years
COPD,Male,Never_Smoked,1.0,35 - 39 years
COPD,Female,Never_Smoked,1.0,35 - 39 years
COPD,Male,Former_Smoker,1.0,35 - 39 years
COPD,Female,Former_Smoker,1.0,35 - 39 years
COPD,Male,Current_Smoker,1.0,35 - 39 years
COPD,Female,Current_Smoker,1.0,35 - 39 years
COPD,Male,Never_Smoked,1.0,40 - 44 years
COPD,Female,Never_Smoked,1.0,40 - 44 years
COPD,Male,Former_Smoker,1.0,40 - 44 years
COPD,Female,Former_Smoker,1.0,40 - 44 years
COPD,Male,Current_Smoker,1.0,40 - 44 years
COPD,Female,Current_Smoker,1.0,40 - 44 years
COPD,Male,Never_Smoked,1.0,45 - 49 years
COPD,Female,Never_Smoked,1.0,45 - 49 years
COPD,Male,Former_Smoker,1.0,45 - 49 years
COPD,Female,Former_Smoker,1.0,45 - 49 years
COPD,Male,Current_Smoker,1.0,45 - 49 years
COPD,Female,Current_Smoker,1.0,45 - 49 years
COPD,Male,Never_Smoked,1.0,50 - 54 years
COPD,Female,Never_Smoked,1.0,50 - 54 years
COPD,Male,Former_Smoker,3.06,50 - 54 years
COPD,Female,Former_Smoker,7.39,50 - 54 years
COPD,Male,Current_Smoker,8.13,50 - 54 years
COPD,Female,Current_Smoker,12.92,50 - 54 years
COPD,Male,Never_Smoked,1.0,55 - 59 years
COPD,Female,Never_Smoked,1.0,55 - 59 years
COPD,Male,Former_Smoker,8.25,55 - 59 years
COPD,Female,Former_Smoker,5.55,55 - 59 years
COPD,Male,Current_Smoker,9.8,55 - 59 years
COPD,Female,Current_Smoker,9.47,55 - 59 years
COPD,Male,Never_Smoked,1.0,60 - 64 years
COPD,Female,Never_Smoked,1.0,60 - 64 years
COPD,Male,Former_Smoker,12.65,60 - 64 years
COPD,Female,Former_Smoker,6.63,60 - 64 years
COPD,Male,Current_Smoker,13.21,60 - 64 years
COPD,Female,Current_Smoker,11.19,60 - 64 years
COPD,Male,Never_Smoked,1.0,65+ years
COPD,Female,Never_Smoked,1.0,65+ years
COPD,Male,Former_Smoker,11.92,65+ years
COPD,Female,Former_Smoker,9.73,65+ years
COPD,Male,Current_Smoker,18.93,65+ years
COPD,Female,Current_Smoker,14.72,65+ years
Lung_Cancer,Male,Never_Smoked,1.0,<35 years
Lung_Cancer,Female,Never_Smoked,1.0,<35 years
Lung_Cancer,Male,Former_Smoker,1.0,<35 years
Lung_Cancer,Female,Former_Smoker,1.0,<35 years
Lung_Cancer,Male,Current_Smoker,1.0,<35 years
Lung_Cancer,Female,Current_Smoker,1.0,<35 years
Lung_Cancer,Male,Never_Smoked,1.0,35 - 39 years
Lung_Cancer,Female,Never_Smoked,1.0,35 - 39 years
Lung_Cancer,Male,Former_Smoker,1.0,35 - 39 years
Lung_Cancer,Female,Former_Smoker,1.0,35 - 39 years
Lung_Cancer,Male,Current_Smoker,1.0,35 - 39 years
Lung_Cancer,Female,Current_Smoker,1.0,35 - 39 years
Lung_Cancer,Male,Never_Smoked,1.0,40 - 44 years
Lung_Cancer,Female,Never_Smoked,1.0,40 - 44 years
Lung_Cancer,Male,Former_Smoker,1.0,40 - 44 years
Lung_Cancer,Female,Former_Smoker,1.0,40 - 44 years
Lung_Cancer,Male,Current_Smoker,1.0,40 - 44 years
Lung_Cancer,Female,Current_Smoker,1.0,40 - 44 years
Lung_Cancer,Male,Never_Smoked,1.0,45 - 49 years
Lung_Cancer,Female,Never_Smoked,1.0,45 - 49 years
Lung_Cancer,Male,Former_Smoker,2.37,45 - 49 years
Lung_Cancer,Female,Former_Smoker,8.07,45 - 49 years
Lung_Cancer,Male,Current_Smoker,5.78,45 - 49 years
Lung_Cancer,Female,Current_Smoker,18.08,45 - 49 years
Lung_Cancer,Male,Never_Smoked,1.0,50 - 54 years
Lung_Cancer,Female,Never_Smoked,1.0,50 - 54 years
Lung_Cancer,Male,Former_Smoker,10.7,50 - 54 years
Lung_Cancer,Female,Former_Smoker,3.28,50 - 54 years
Lung_Cancer,Male,Current_Smoker,24.97,50 - 54 years
Lung_Cancer,Female,Current_Smoker,11.14,50 - 54 years
Lung_Cancer,Male,Never_Smoked,1.0,55 - 59 years
Lung_Cancer,Female,Never_Smoked,1.0,55 - 59 years
Lung_Cancer,Male,Former_Smoker,11.66,55 - 59 years
Lung_Cancer,Female,Former_Smoker,5.33,55 - 59 years
Lung_Cancer,Male,Current_Smoker,34.02,55 - 59 years
Lung_Cancer,Female,Current_Smoker,17.87,55 - 59 years
Lung_Cancer,Male,Never_Smoked,1.0,60 - 64 years
Lung_Cancer,Female,Never_Smoked,1.0,60 - 64 years
Lung_Cancer,Male,Former_Smoker,11.71,60 - 64 years
Lung_Cancer,Female,Former_Smoker,4.91,60 - 64 years
Lung_Cancer,Male,Current_Smoker,31.47,60 - 64 years
Lung_Cancer,Female,Current_Smoker,13.32,60 - 64 years
Lung_Cancer,Male,Never_Smoked,1.0,65+ years
Lung_Cancer,Female,Never_Smoked,1.0,65+ years
Lung_Cancer,Male,Former_Smoker,9.7,65+ years
Lung_Cancer,Female,Former_Smoker,5.54,65+ years
Lung_Cancer,Male,Current_Smoker,28.4,65+ years
Lung_Cancer,Female,Current_Smoker,17.49,65+ years
CHD,Male,Never_Smoked,1.0,<35 years
CHD,Female,Never_Smoked,1.0,<35 years
CHD,Male,Former_Smoker,1.0,<35 years
CHD,Female,Former_Smoker,1.0,<35 years
CHD,Male,Current_Smoker,1.0,<35 years
CHD,Female,Current_Smoker,1.0,<35 years
CHD,Male,Never_Smoked,1.0,35 - 39 years
CHD,Female,Never_Smoked,1.0,35 - 39 years
CHD,Male,Former_Smoker,1.21,35 - 39 years
CHD,Female,Former_Smoker,1.44,35 - 39 years
CHD,Male,Current_Smoker,3.25,35 - 39 years
CHD,Female,Current_Smoker,1.0,35 - 39 years
CHD,Male,Never_Smoked,1.0,40 - 44 years
CHD,Female,Never_Smoked,1.0,40 - 44 years
CHD,Male,Former_Smoker,1.15,40 - 44 years
CHD,Female,Former_Smoker,2.25,40 - 44 years
CHD,Male,Current_Smoker,4.71,40 - 44 years
CHD,Female,Current_Smoker,1.89,40 - 44 years
CHD,Male,Never_Smoked,1.0,45 - 49 years
CHD,Female,Never_Smoked,1.0,45 - 49 years
CHD,Male,Former_Smoker,2.03,45 - 49 years
CHD,Female,Former_Smoker,2.08,45 - 49 years
CHD,Male,Current_Smoker,5.85,45 - 49 years
CHD,Female,Current_Smoker,7.71,45 - 49 years
CHD,Male,Never_Smoked,1.0,50 - 54 years
CHD,Female,Never_Smoked,1.0,50 - 54 years
CHD,Male,Former_Smoker,1.93,50 - 54 years
CHD,Female,Former_Smoker,2.95,50 - 54 years
CHD,Male,Current_Smoker,3.69,50 - 54 years
CHD,Female,Current_Smoker,5.69,50 - 54 years
CHD,Male,Never_Smoked,1.0,55 - 59 years
CHD,Female,Never_Smoked,1.0,55 - 59 years
CHD,Male,Former_Smoker,1.64,55 - 59 years
CHD,Female,Former_Smoker,1.19,55 - 59 years
CHD,Male,Current_Smoker,2.71,55 - 59 years
CHD,Female,Current_Smoker,3.06,55 - 59 years
CHD,Male,Never_Smoked,1.0,60 - 64 years
CHD,Female,Never_Smoked,1.0,60 - 64 years
CHD,Male,Former_Smoker,1.58,60 - 64 years
CHD,Female,Former_Smoker,1.08,60 - 64 years
CHD,Male,Current_Smoker,2.39,60 - 64 years
CHD,Female,Current_Smoker,2.56,60 - 64 years
CHD,Male,Never_Smoked,1.0,65+ years
CHD,Female,Never_Smoked,1.0,65+ years
CHD,Male,Former_Smoker,1.4,65+ years
CHD,Female,Former_Smoker,1.22,65+ years
CHD,Male,Current_Smoker,1.91,65+ years
CHD,Female,Current_Smoker,2.48,65+ years
Stroke,Male,Never_Smoked,1.0,<35 years
Stroke,Female,Never_Smoked,1.0,<35 years
Stroke,Male,Former_Smoker,1.0,<35 years
Stroke,Female,Former_Smoker,1.0,<35 years
Stroke,Male,Current_Smoker,1.0,<35 years
Stroke,Female,Current_Smoker,1.0,<35 years
Stroke,Male,Never_Smoked,1.0,35 - 39 years
Stroke,Female,Never_Smoked,1.0,35 - 39 years
Stroke,Male,Former_Smoker,1.0,35 - 39 years
Stroke,Female,Former_Smoker,1.0,35 - 39 years
Stroke,Male,Current_Smoker,1.0,35 - 39 years
Stroke,Female,Current_Smoker,2.0,35 - 39 years
Stroke,Male,Never_Smoked,1.0,40 - 44 years
Stroke,Female,Never_Smoked,1.0,40 - 44 years
Stroke,Male,Former_Smoker,1.0,40 - 44 years
Stroke,Female,Former_Smoker,2.25,40 - 44 years
Stroke,Male,Current_Smoker,1.05,40 - 44 years
Stroke,Female,Current_Smoker,5.67,40 - 44 years
Stroke,Male,Never_Smoked,1.0,45 - 49 years
Stroke,Female,Never_Smoked,1.0,45 - 49 years
Stroke,Male,Former_Smoker,1.0,45 - 49 years
Stroke,Female,Former_Smoker,1.19,45 - 49 years
Stroke,Male,Current_Smoker,3.75,45 - 49 years
Stroke,Female,Current_Smoker,8.22,45 - 49 years
Stroke,Male,Never_Smoked,1.0,50 - 54 years
Stroke,Female,Never_Smoked,1.0,50 - 54 years
Stroke,Male,Former_Smoker,2.24,50 - 54 years
Stroke,Female,Former_Smoker,1.38,50 - 54 years
Stroke,Male,Current_Smoker,6.08,50 - 54 years
Stroke,Female,Current_Smoker,4.58,50 - 54 years
Stroke,Male,Never_Smoked,1.0,55 - 59 years
Stroke,Female,Never_Smoked,1.0,55 - 59 years
Stroke,Male,Former_Smoker,1.14,55 - 59 years
Stroke,Female,Former_Smoker,1.22,55 - 59 years
Stroke,Male,Current_Smoker,3.96,55 - 59 years
Stroke,Female,Current_Smoker,5.77,55 - 59 years
Stroke,Male,Never_Smoked,1.0,60 - 64 years
Stroke,Female,Never_Smoked,1.0,60 - 64 years
Stroke,Male,Former_Smoker,1.01,60 - 64 years
Stroke,Female,Former_Smoker,1.28,60 - 64 years
Stroke,Male,Current_Smoker,2.55,60 - 64 years
Stroke,Female,Current_Smoker,2.76,60 - 64 years
Stroke,Male,Never_Smoked,1.0,65+ years
Stroke,Female,Never_Smoked,1.0,65+ years
Stroke,Male,Former_Smoker,1.29,65+ years
Stroke,Female,Former_Smoker,1.14,65+ years
Stroke,Male,Current_Smoker,2.69,65+ years
Stroke,Female,Current_Smoker,2.58,65+ years
